RegionID,SizeRank,RegionName,RegionType,StateName,1/31/2018,2/28/2018,3/31/2018,4/30/2018,5/31/2018,6/30/2018,7/31/2018,8/31/2018,9/30/2018,10/31/2018,11/30/2018,12/31/2018,1/31/2019,2/28/2019,3/31/2019,4/30/2019,5/31/2019,6/30/2019,7/31/2019,8/31/2019,9/30/2019,10/31/2019,11/30/2019,12/31/2019,1/31/2020,2/29/2020,3/31/2020,4/30/2020,5/31/2020,6/30/2020,7/31/2020,8/31/2020,9/30/2020,10/31/2020,11/30/2020,12/31/2020,1/31/2021,2/28/2021,3/31/2021,4/30/2021,5/31/2021,6/30/2021,7/31/2021,8/31/2021,9/30/2021
394913,1,"New York, NY",Msa,NY,517967,523000,534333,544667,554667,560000,560000,554833,549833,549833,550000,549667,549333,549333,554667,563333,573300,578267,578267,574633,573000,574333,577667,579000,577667,579633,586300,594300,599000,602333,612633,629300,642633,649333,651667,655333,661667,668000,673000,675000,675000,666667,658000,643000,636000
753899,2,"Los Angeles-Long Beach-Anaheim, CA",Msa,CA,798667,802667,818000,835000,848300,849633,841300,824000,801000,784333,771633,761600,752933,749633,759833,776796,802065,821899,837936,845667,845666,845962,845962,848963,849333,865892,882892,886225,881667,891333,924333,954617,964950,970283,975000,988000,995667,998667,1005667,1006333,1006666,999666,991333,971333,946667
394463,3,"Chicago, IL",Msa,IL,301000,305967,319300,335967,345967,347967,343600,336900,330233,324900,318300,309933,303267,306600,319633,336000,345667,347667,344333,337967,331300,324933,319590,311257,306290,309967,319967,327967,331333,336333,343300,348300,349966,349666,346000,339333,331333,331667,338300,346633,352967,354500,354467,348100,339933
394514,4,"Dallas-Fort Worth, TX",Msa,TX,342000,345333,351663,359830,366163,366000,359467,351133,344600,341267,339600,337967,335500,335800,340767,348267,354933,356510,354810,349810,344933,341633,339997,338330,335306,334639,336306,339297,343133,348133,354800,358267,359933,359633,357848,354515,351515,352625,357625,365958,375000,383333,390000,393333,395842
394974,5,"Philadelphia, PA",Msa,PA,252630,249633,253433,260400,269567,275800,279133,278267,275933,273967,271330,266290,258290,254260,257967,267633,279200,287833,293167,293633,293667,294333,294000,290667,286500,286467,289800,294633,301333,311333,323333,333000,336333,337966,334966,331600,324933,321567,321567,325767,330800,334833,332333,327967,322300
394692,6,"Houston, TX",Msa,TX,317020,319337,322701,327464,331054,332413,329282,324387,318148,314755,311491,309859,308391,309696,312960,317855,321738,323044,321379,317740,313496,310719,308513,306394,303982,303496,306266,308812,313217,317739,323678,328541,332997,336673,338747,337630,335627,334797,339497,346838,357335,366002,372627,373297,371977
395209,7,"Washington, DC",Msa,DC,431491,431161,441289,452445,464445,474667,479667,476333,466663,461630,456597,449900,443233,443267,454967,471667,488000,496000,495667,489300,484633,483300,485000,483300,481633,486600,501600,513233,522933,531300,543000,549967,546633,539933,529967,521633,513663,510297,508630,514967,520000,526633,524933,520690,515890
394856,8,"Miami-Fort Lauderdale, FL",Msa,FL,395000,395000,396333,397796,399429,399762,399933,399633,399300,399000,398267,396933,395600,395000,396333,397667,399333,399666,402666,404333,404333,401667,400863,402497,402497,401633,402157,401823,401490,399000,399333,402167,405133,408133,407300,404934,401901,400068,401467,409833,424667,440767,455433,465733,474633
394347,9,"Atlanta, GA",Msa,GA,310075,314933,323600,335300,344667,349633,344933,337933,329633,324967,320767,317400,313733,313267,316966,326666,338000,344333,344617,339917,334883,330267,326967,324958,323622,323622,325663,327252,330585,336850,344598,351265,354667,356333,354667,351633,349933,351843,359877,376243,391000,401333,403333,403333,401667
394404,10,"Boston, MA",Msa,MA,541267,543267,563300,583000,597667,595967,579600,556600,539633,536000,535967,531300,528267,533300,549967,571665,589665,596332,594633,586633,579933,574966,574967,574600,574600,582600,597667,605967,614600,624267,640966,649330,649963,656630,662967,664967,664633,671600,682933,691600,694933,697967,692633,676000,666000
395057,11,"San Francisco, CA",Msa,CA,807667,824333,857667,899667,924667,937963,921296,880629,850667,842329,837996,819996,799667,803000,831000,867629,900963,907929,904633,885967,885667,889000,895667,879000,862500,874500,899833,916333,924667,949000,982333,998333,998667,998683,998977,995643,991960,988667,988627,991855,993855,995895,980000,956667,931333
394532,12,"Detroit, MI",Msa,MI,219933,218267,224933,238633,253633,263333,264633,259600,251600,244633,237967,231267,226567,226567,233266,246600,259933,269900,271267,267633,258667,248967,239300,231633,225830,224130,228297,234130,245797,261597,278233,286567,283233,277933,271300,264667,259967,261600,270597,283630,293630,299300,294633,284633,268300
395025,13,"Riverside, CA",Msa,CA,390632,393300,396633,402666,406633,409966,409633,406333,402999,399966,399633,398600,398300,398600,402967,408300,415000,419967,423267,423267,419967,416667,415000,414817,415117,418450,423300,426333,428000,434667,446800,461800,472133,480000,485000,490000,491633,493300,494933,506633,519967,533333,541333,546300,549630
394976,14,"Phoenix, AZ",Msa,AZ,339135,345082,353442,358846,361735,360171,356807,351692,348294,346255,345932,345932,347937,350656,354088,358540,362924,366323,366968,368022,369721,371454,373830,377194,383278,390044,396535,392117,387053,385974,396169,404665,407784,407816,407647,407647,408372,409269,414997,424967,438300,449967,459997,466748,471748
395078,15,"Seattle, WA",Msa,WA,508300,528150,558150,583117,596600,599600,592933,581283,568300,564667,562317,562300,564300,578300,601650,626650,643000,645997,638330,626997,618983,616633,618267,621617,631617,648300,664967,664967,661650,661650,670000,673000,664667,654667,643167,639817,641483,654980,668313,684963,693300,699983,699833,693166,689817
394865,16,"Minneapolis-St Paul, MN",Msa,MN,354455,371734,387317,392961,391230,383300,374643,367406,359787,355978,351096,351061,356567,368721,384304,392961,394693,387802,382365,373708,368479,361796,361363,361398,368358,379144,389498,392961,392823,392823,394519,392927,386036,377396,368773,368739,370826,378927,386963,391930,391797,387433,383800,377933,371300
395056,17,"San Diego, CA",Msa,CA,704663,721330,735997,749333,749633,749633,742633,725967,706267,689933,681633,676667,676333,681329,692996,713163,732833,745833,746000,746000,746000,745667,742633,742633,745967,755667,769333,769633,769633,781267,814600,837933,835967,822667,809333,808000,813000,830000,841667,856333,856333,856000,849333,846000,842666
395121,18,"St. Louis, MO",Msa,MO,190800,191267,196567,204933,213267,218267,219725,219425,219125,217667,214667,209967,206300,207933,216133,227800,237800,242967,243887,242220,240520,238233,234900,229933,228300,231633,237632,242798,249128,255097,259897,259233,257433,254776,251809,246609,245300,248925,257259,264559,263267,259733,252767,247733,241300
395148,19,"Tampa, FL",Msa,FL,260148,260148,261786,265031,269883,273096,273063,270391,267178,263998,261818,259569,258975,258975,262348,267762,275505,280485,282060,280774,279457,279135,277529,275634,273063,273060,274342,274053,275647,279184,286895,293337,298124,302943,304228,302975,300484,299566,304933,314933,331600,346600,359900,368267,373300
394358,20,"Baltimore, MD",Msa,MD,303233,299900,304933,313300,326633,337967,345967,345967,341485,335151,328518,320000,313333,311667,316667,327699,339366,347699,350000,349967,346600,341600,334633,327967,322933,323233,329933,339443,347810,356143,363008,364675,361342,355000,348300,339967,331633,331633,338300,346633,355000,358300,361600,356567,351600
394530,21,"Denver, CO",Msa,CO,,,,,,,,,494667,487667,481000,477667,481333,492667,508000,519667,523872,522205,517205,509967,502967,497967,497967,501300,512133,528800,542467,545800,542500,542500,548333,551667,545633,534528,526161,528525,536297,549663,563167,580467,597133,612300,621333,623000,623000
394982,22,"Pittsburgh, PA",Msa,PA,171567,169900,173233,177267,183133,184833,184166,181633,179933,178267,175933,172633,170933,170966,175300,181967,189300,194933,198267,199600,198967,195633,190967,184967,183300,185933,192567,197567,204900,214900,227597,234263,234297,233133,231467,229800,227967,229300,233633,240600,245933,246567,239600,229633,222967
394998,23,"Portland, OR",Msa,OR,462509,468952,475399,481813,483428,483428,480204,473726,465667,459221,455998,454386,456014,459253,465700,470551,473790,473822,472178,468923,464088,459285,456094,456094,459317,467376,473822,473806,473806,475418,485104,489616,493803,497027,505375,514371,521761,524347,533300,549967,573300,588333,593000,586333,579667
394458,24,"Charlotte, NC",Msa,NC,337967,338000,343000,349666,356266,358600,355583,349028,342028,335378,330568,326868,325202,328300,335000,343333,351633,356133,356133,352167,346967,344300,341633,342167,343000,346333,351167,352967,357633,362967,374167,379598,381646,378813,377048,375000,374997,377120,383787,395457,408330,415330,415330,408667,405333
395045,25,"Sacramento, CA",Msa,CA,462983,468667,476983,485650,491650,491633,486633,479967,472300,465633,458933,456300,458300,466333,481000,492650,504617,513283,521600,522966,517933,509633,503296,504996,511330,521000,527667,528000,527667,529167,538833,547833,559663,568330,579663,586650,594650,597650,594000,602667,611667,625000,625000,618333,611667
395055,26,"San Antonio, TX",Msa,TX,279966,280000,283000,288666,295000,298333,297667,293500,288478,283478,281478,280833,280833,280633,281633,284966,289966,292966,292933,289633,286550,283247,281247,278997,278633,278967,282633,286167,290167,293800,297300,299933,299600,297933,294463,290616,288279,289113,292993,298543,303380,312046,326833,340667,347300
394943,27,"Orlando, FL",Msa,FL,299900,302933,309300,317667,323000,325000,324967,323267,319933,314933,308300,303267,299933,299933,303463,310163,318497,323333,325000,325000,325633,325633,325633,325000,324990,326623,328923,326233,322933,320967,325333,328667,330867,332467,332467,331567,328300,326633,328333,335000,343333,354967,366300,377967,384633
394466,28,"Cincinnati, OH",Msa,OH,218300,219967,231600,248267,261600,267633,265967,259300,252300,245633,242000,236300,232967,236633,249967,266300,279467,285800,287800,284300,278567,271900,265533,261300,261267,269600,283233,295600,308967,322300,333300,334633,327667,319300,309630,304963,304663,312633,323963,337630,351297,354967,351169,337869,327568
394475,29,"Cleveland, OH",Msa,OH,161411,161567,164900,171267,176267,181300,183300,183300,181600,179867,178233,176567,174800,176433,179767,185371,191737,196737,199300,196267,192933,188267,184933,181600,179900,180600,185633,192000,201300,209600,218267,221300,214633,206267,196567,192267,190467,197133,211133,226267,235800,234467,227500,214667,205500
394735,30,"Kansas City, MO",Msa,MO,254933,259967,269633,274633,277317,275983,275150,272467,272967,280467,287133,293300,296600,306633,319933,331283,337917,336267,329933,319933,312950,308267,304967,301967,306333,316333,332667,342667,352667,359633,364933,361600,353300,344000,339000,335667,336633,346933,361917,378200,383233,379583,366667,354633,346399
394775,31,"Las Vegas, NV",Msa,NV,290167,291967,294967,306300,324333,341333,349333,347967,341300,333297,324963,321597,318233,314933,312299,312833,316167,320500,323333,324333,322633,320933,319933,319967,321583,325883,334217,335633,333000,329633,334630,341297,344663,346333,347167,347167,345833,345000,353333,371000,395967,415967,426633,435000,443667
394492,32,"Columbus, OH",Msa,OH,254267,268467,285133,302433,311600,316933,315267,306933,294933,283267,274767,268133,264800,269967,286633,306633,319967,325933,325967,320300,309330,295330,285963,280300,282600,292267,306233,316233,326567,336567,344933,341600,329967,321297,317963,318284,316662,319829,327838,338127,341627,337963,331300,324633,314960
394705,33,"Indianapolis, IN",Msa,IN,210250,215217,227183,251600,272467,284133,279767,270267,260267,249600,239932,233265,229965,234967,248300,266633,281600,286633,284933,279933,274933,269933,264633,257967,256300,261133,272800,282800,291611,302244,310911,315900,309930,299630,286330,277630,274263,277563,284567,292900,297567,298935,295602,294302,291633
395059,34,"San Jose, CA",Msa,CA,1071296,1104629,1154629,1208333,1246000,1262629,1245629,1199592,1149629,1115963,1082633,1048633,1015596,1031963,1065963,1112667,1139000,1155667,1142667,1116333,1099650,1099317,1095946,1069296,1068962,1102666,1162666,1188333,1191333,1208000,1237108,1254108,1253775,1243000,1242983,1226317,1215983,1215833,1232833,1249833,1266629,1283129,1283463,1266167,1249333
394355,35,"Austin, TX",Msa,TX,375421,377345,381848,386736,388213,388246,385010,378693,372214,367355,364083,359548,356786,358438,365813,375063,381510,378994,370552,361190,354709,351447,349471,346233,346266,350169,360992,368787,377550,387784,399749,410731,418182,424571,428530,429800,431019,436825,452000,473333,490000,503333,513333,521333,527277
395194,36,"Virginia Beach, VA",Msa,VA,257984,257823,260691,265201,270484,274059,276346,276379,276056,273769,272127,270355,271192,274124,279117,284721,288233,289811,289811,289811,289521,289231,289231,289521,289811,289843,293064,297554,303994,309679,314852,318045,317223,316256,312652,307930,302463,299767,301467,306600,309963,309963,304997,301633,299967
394902,37,"Nashville, TN",Msa,TN,383041,384440,386145,388567,388567,386862,383348,376831,372396,369052,367347,364992,363491,363525,365197,368438,373215,376627,376243,373138,369726,368063,366118,363593,360523,360761,363286,366679,371660,376812,383621,387169,390547,391263,390956,389250,388587,394473,402324,414324,426795,439963,451597,453933,455297
395005,38,"Providence, RI",Msa,RI,346009,347792,353071,360063,365308,367021,367056,367056,367056,365273,361427,356218,354470,357966,366356,376180,383487,387298,387962,387962,387648,385935,382438,375761,370517,373698,384187,394640,401947,408939,419462,425790,422329,411806,400269,396423,396606,407169,408000,413333,413000,427000,437000,442300,439267
394862,39,"Milwaukee, WI",Msa,WI,216267,217933,226267,238100,249467,256133,257967,254933,249933,244600,237933,232633,231267,234300,237933,237967,237300,237300,238933,239900,236567,231900,226767,221800,219800,221600,231567,241567,251567,256600,259967,256633,249967,242633,236000,230967,224933,223233,224900,229933,237467,237500,232467,222933,219433
394714,40,"Jacksonville, FL",Msa,FL,300963,304930,309963,314633,316333,316300,312967,307966,302666,298000,296300,296266,296266,297633,299667,304667,311667,313997,310663,303963,299633,299467,299163,298330,298480,301813,306313,307327,309327,312327,317963,319300,317967,314667,309330,307330,307560,312197,318193,327930,338963,346633,350000,350163,353463
394849,41,"Memphis, TN",Msa,TN,187574,182803,181245,184140,187320,194923,200012,205610,207233,208791,209109,206247,203098,200712,203575,208346,215980,221069,224250,224218,223839,223807,223839,224218,222660,222628,225809,230580,236242,241649,248011,251892,248075,245530,243940,243908,242127,238931,239608,242642,249500,252967,254967,255300,258300
394935,42,"Oklahoma City, OK",Msa,OK,236174,238234,243038,248223,252721,253412,253412,250661,248942,247191,247195,247162,249557,254330,262914,271465,278020,279427,277101,272572,269447,267730,267799,267799,269516,273465,278821,282255,286891,293930,299730,301103,297326,294943,293192,291440,290229,292744,300583,312283,317283,313967,305600,299933,296799
394807,43,"Louisville-Jefferson County, KY",Msa,KY,232000,240300,253933,266567,274600,276600,274800,271467,267833,265700,261783,256783,254050,256967,266300,277833,287133,291100,289600,284633,277967,269600,259933,251967,248500,253133,264681,278148,290148,296567,299600,296300,287967,277967,265630,258963,255630,261297,269645,278312,285615,288800,287100,281467,273267
394669,44,"Hartford, CT",Msa,CT,273932,278364,286853,292785,296501,296502,296502,296195,294490,292785,289683,287978,286274,288012,291422,298240,303320,309320,309320,309013,305434,303047,299945,297217,295513,295547,301002,308502,318728,327217,337445,344231,344231,340821,335742,332707,330237,332737,339933,348233,351567,347933,339600,331300,327300
395022,45,"Richmond, VA",Msa,VA,297950,298672,306298,317989,325879,329282,329592,327371,322592,315751,311097,309343,309309,311045,319674,331723,343721,348533,349238,344271,337739,330176,326549,326515,329248,334401,341276,350232,359893,369906,377091,381200,380166,379638,379126,381633,384833,389483,393026,392859,389539,381313,373280,365283,361633
394910,46,"New Orleans, LA",Msa,LA,245967,243127,243793,250127,257600,262633,264267,262933,260600,257600,254300,251633,250000,252000,256833,263467,269767,272733,272733,270767,269300,268667,268000,266533,263867,262867,264633,269633,276433,282800,289100,294267,297600,299600,299300,299467,297833,297500,299300,307633,317350,325383,327050,324333,321000
394425,47,"Buffalo, NY",Msa,NY,174621,176317,183102,191584,198369,201762,203458,202644,200982,197589,193314,188191,184833,185884,189311,196062,203187,209630,213056,209969,206580,202509,198810,195723,192670,192975,196368,203153,213365,223577,230668,230634,227207,224384,221407,218431,215257,223562,235233,249867,256567,256567,249900,239900,233233
395012,48,"Raleigh, NC",Msa,NC,357933,359633,366633,376633,383267,383267,381267,377867,374233,367567,361967,357300,355467,356167,362833,373333,383300,386633,383600,378600,375233,373233,368900,363900,360567,363233,369600,373437,379137,384470,393967,399067,402700,402063,398630,395497,394830,399005,405139,413142,418967,422300,423967,426600,428361
394388,49,"Birmingham, AL",Msa,AL,206683,207217,215217,226800,236267,239600,239900,239900,238267,234633,231000,229300,229600,233233,239900,249900,258567,265233,270267,271633,272060,271727,271693,269632,266598,265870,267505,269172,273233,278100,281967,281733,276900,274330,272593,275218,276254,278224,278900,284158,287957,289691,285466,283368,281677
395053,50,"Salt Lake City, UT",Msa,UT,418757,423994,431498,437555,444805,448709,450156,447472,442318,434814,430030,427886,428207,432102,439392,451898,462617,469621,467834,462510,457293,455507,456386,459995,466998,478610,487539,485896,482302,485521,496530,502640,501175,498420,503030,515536,,,,,,,,,
395031,51,"Rochester, NY",Msa,NY,186526,193772,204135,216418,225512,229643,226056,218809,211562,206490,202106,202106,207505,219135,231853,245005,252071,254788,252506,247216,239027,228157,220222,213012,213664,223410,239820,257285,266343,271636,272394,272068,264821,256817,249897,257143,265344,278679,283800,284633,277433,265267,256233,246767,238233
394640,52,"Grand Rapids, MI",Msa,MI,251186,259184,270413,279931,286297,287897,286297,281690,276859,273948,275356,276955,278235,281146,287257,295287,300373,300661,298422,293623,290104,284313,281114,278235,281146,285945,293943,300629,305428,307060,308659,308691,308659,307795,310387,314678,319900,327600,333825,339212,343178,346953,349900,349900,349472
395167,53,"Tucson, AZ",Msa,AZ,261079,264446,269479,274997,279997,281330,281300,280900,282900,282900,281467,279633,279667,282333,288167,294667,298800,298133,296087,293287,293254,293467,293913,292247,292580,294933,298300,298933,300600,308933,319933,329967,328292,323325,319992,321667,327917,336250,349583,365000,376667,384833,384833,381500,375000
753924,54,"Urban Honolulu, HI",Msa,HI,663000,661333,654667,648333,651333,658180,663180,668513,671667,669833,664833,661500,668000,670333,672000,668333,669000,670000,670333,669000,661333,655000,649667,649269,644269,639603,631667,623333,611333,606333,609333,609667,601633,592300,591967,600000,,,,,,,,,
395169,55,"Tulsa, OK",Msa,OK,193817,194599,199136,204956,208555,208711,207616,206834,206803,206458,206458,206458,207100,209916,215893,223105,229676,232805,234339,233556,234361,235925,238272,239345,237781,237781,240910,247184,255006,264393,272513,277207,277207,277950,278309,277997,277413,277747,292383,304800,315133,305133,294967,286633,286028
394619,56,"Fresno, CA",Msa,CA,330288,327527,327493,330731,335537,337958,338128,336423,333867,331338,329293,326055,321767,320369,322074,330561,340821,351046,358733,360096,359398,354640,350035,347290,346782,349990,354820,357512,362659,368089,378008,383901,386386,385023,385261,384481,384994,383487,387333,398420,413420,423420,422833,418833,417133
395238,57,"Worcester, MA",Msa,MA,278576,281732,287813,297337,306921,313576,315200,314532,312939,309723,306890,302145,300267,302174,311694,324718,335834,343794,344431,341247,336184,333318,331726,329465,328542,330163,340670,351783,363886,371878,378278,381781,381462,382429,385348,391300,,,,,,,,,
394415,58,"Stamford, CT",Msa,CT,683863,719819,762538,786389,792085,788525,776065,759690,746874,746518,742958,739719,736479,740360,752855,766774,773930,764674,747052,722133,704689,699527,704867,708425,711629,722309,736194,743670,753282,771082,790305,796357,787778,777098,762858,753994,748001,780829,808300,824667,812967,799300,775967,732333,695667
394312,59,"Albuquerque, NM",Msa,NM,238817,240447,245042,251560,257785,261044,259382,254819,249279,247649,247649,249197,249230,252456,257426,263944,267887,271114,272711,273656,273363,273363,273069,271766,273395,279913,288061,292982,299825,312861,327540,335980,336627,336811,336372,337214,337916,339670,347043,353710,363330,366997,370297,369963,371630
394308,60,"Albany, NY",Msa,NY,236548,240188,244333,246116,247738,250080,253990,257414,257234,256405,256585,256585,255684,255828,259396,264441,268045,269883,272009,271684,268045,264441,263000,263036,261234,262135,267540,274748,282496,292550,303362,309127,,,,288662,,,,,,,,,
394938,61,"Omaha, NE",Msa,NE,279267,287163,295593,305783,311090,311124,307721,304336,301781,295500,289034,286511,289389,297887,311428,324293,331030,328039,324147,319086,312936,303286,295144,292393,294796,303676,312670,319441,323671,328227,332425,332554,328153,325173,322039,322005,321861,328301,336050,343333,343333,334667,322833,313167,306833
394908,62,"New Haven, CT",Msa,CT,284314,290979,301133,312996,321371,326954,327268,322731,317463,313659,310170,304971,300435,302145,309087,319206,324440,324476,319208,313973,308705,305215,303156,301447,299702,299702,304901,310135,320952,331106,345098,350297,348901,341923,335677,326954,320294,317981,323282,337949,349616,356267,349933,342967,336333
394357,63,"Bakersfield, CA",Msa,CA,249052,251971,257392,263318,266526,267809,267497,264577,259766,254953,251296,248121,246197,245074,247801,254537,260953,264642,265925,264962,262717,258194,255916,254890,256205,257838,262393,264318,265925,265925,269132,276831,284851,292854,294747,290256,284164,281359,287667,296633,308300,315467,321500,319833,319667
394753,64,"Knoxville, TN",Msa,TN,264183,263217,266633,276633,286600,291600,289933,283300,277308,272308,268942,267933,265600,266583,270217,279217,289900,296567,301600,301600,301300,296267,289600,283233,279600,282933,289600,296600,304967,316633,331633,342600,340967,332600,316633,306600,301633,304967,314967,338300,358267,367967,359300,352333,349000
394653,65,"Greenville, SC",Msa,SC,258589,260362,264854,270938,274899,277778,278065,277746,272924,268146,263686,261170,259609,260724,266045,274008,280698,281715,278211,271968,268627,267321,267289,265884,264323,267285,271777,274962,277797,283658,288527,290438,288495,289176,287341,284130,279463,279460,286330,303263,316600,332433,339133,346300,347467
394952,66,"Ventura, CA",Msa,CA,779167,780500,777500,785667,779300,772633,756300,746333,726650,709950,696583,689933,688300,691333,701000,712333,725667,739300,749633,761633,774667,784505,784172,780838,782667,795500,812500,809167,804667,808000,832667,858000,869667,873250,864750,864750,,,,,,,,,
394318,67,"Allentown, PA",Msa,PA,222433,222433,225467,232600,237600,240567,242267,240800,236467,231767,228267,226600,224041,225674,230674,238267,244633,248000,251300,251600,250767,247467,245467,242933,242200,244233,254233,261633,268267,270300,278300,284966,289300,289633,289333,289633,292933,303530,315227,323260,324663,321333,313333,308333,310000
394561,68,"El Paso, TX",Msa,TX,182413,182612,182792,183495,184018,185820,187984,190345,191066,191265,191445,192707,195591,198638,201324,203288,205289,206912,206912,206155,205451,205469,206930,206926,206926,205484,205470,205091,205974,207795,211383,213996,215781,216500,,,,230811,232927,236260,242243,248267,251562,251578,250245
394367,69,"Baton Rouge, LA",Msa,LA,230683,231600,234600,239600,244600,248263,248297,246497,244500,242833,241333,239967,239967,241519,243885,248519,253300,255967,254667,250967,247600,245433,243467,241833,240633,241600,244900,247933,249900,253233,257900,263633,267667,271300,271933,271233,269600,271267,276297,285253,293616,298586,299630,298963,298963
394521,70,"Dayton, OH",Msa,OH,128267,126267,129933,134900,139933,144600,149600,151567,149900,146567,144233,142567,142555,143255,148255,153267,161233,167900,176233,179900,178233,172267,167967,165333,164000,166633,177633,189267,199933,204900,205567,202933,199600,202963,204930,204930,203267,204933,205963,207293,210993,218297,221963,221597,214930
394843,71,"McAllen, TX",Msa,TX,192167,190467,190433,191567,193100,194800,194833,195000,196000,195000,193333,190633,189967,192633,195833,200800,203967,207135,207169,204669,201633,199967,199967,199967,199800,199467,199333,199167,202500,208100,215100,218767,223000,227667,231000,229667,226330,226330,231330,238509,245009,250176,254167,257667,259133
394486,72,"Columbia, SC",Msa,SC,201567,201600,206300,214633,222933,229933,231600,230361,228661,227027,229967,231667,236000,237000,239500,243167,246833,249000,245967,241300,236600,233267,230429,228009,228009,231352,235802,240604,244932,247902,251117,253283,253283,249467,246600,245530,247663,250486,255489,261456,266133,268644,272239,275106,279862
394648,73,"Greensboro, NC",Msa,NC,195833,199133,207100,218900,229567,234933,241467,248133,256017,257816,254483,249933,248300,251633,259933,269900,279900,281567,279342,271042,268709,265933,264900,262723,260757,260090,262267,262567,269233,277700,288400,293433,288967,281600,269933,263267,261600,259933,263267,267800,272467,272467,272933,275933,275633
394304,74,"Akron, OH",Msa,OH,145900,143933,144633,151167,159667,167967,173100,172933,169300,164300,159600,154900,151567,151600,154967,159967,166633,173267,177633,177600,173283,168917,163117,157433,152433,151600,156600,163267,171433,178133,183833,187000,183667,179633,171300,164600,156267,154600,160802,171835,180468,184267,183233,181600,176633
753906,75,"North Port-Sarasota-Bradenton, FL",Msa,FL,358083,359467,360058,359892,361892,364933,368567,367933,362967,358667,355307,353640,354307,356300,361300,366633,372333,377300,377600,375267,371300,370667,373333,375667,376000,375000,375000,371333,367967,367675,373009,378009,379933,379900,379900,382600,,,,,,,,,
394798,76,"Little Rock, AR",Msa,AR,168739,171197,172887,175313,177494,179030,178754,177187,175651,175805,175835,175835,175037,175651,178447,182185,189251,194166,198138,198138,196571,195035,192639,191748,190826,191687,195373,199366,203974,205787,207015,205479,205510,206249,209782,211750,213867,214419,220000,225000,229833,230500,232167,232300,231300
395134,77,"Stockton, CA",Msa,CA,358934,360785,359247,360816,361773,368049,369618,368692,365519,362068,360185,358651,355827,354572,357396,369947,385323,397874,405718,411586,413453,411727,410849,412119,410707,408891,409048,410601,412135,418254,428938,441489,446510,447856,445032,446598,449755,463945,471667,486633,491633,513300,530000,546667,549667
394457,78,"Charleston, SC",Msa,SC,363775,366722,371300,377380,382013,384741,384726,380178,372902,366838,363199,360939,360363,364001,373235,381421,386727,387334,385515,378693,371082,365291,363745,363472,363351,365501,371865,375655,382601,387452,395942,401126,405071,408331,410864,414645,419642,429913,441660,456660,474660,489663,491333,476666,457302
395143,79,"Syracuse, NY",Msa,NY,131224,132399,135839,141543,144667,146101,147276,148451,148480,147304,146129,145843,145843,147276,150400,156133,161866,167183,168616,167068,164360,161493,160175,159028,159601,162468,166739,174507,181673,188867,192020,193454,193454,194254,191031,189193,187199,197623,211300,228000,237967,243300,239933,224967,209933
394484,80,"Colorado Springs, CO",Msa,CO,482340,480514,476130,472699,470836,458014,441941,425137,416041,412388,410954,410954,417529,426635,441247,449247,458379,463859,474818,476645,476279,470800,472626,471165,469375,465927,472319,480418,489382,492122,496809,496773,491293,480663,474918,473348,,,,,,,,,
395235,81,"Winston-Salem, NC",Msa,NC,209900,211600,213300,216633,218267,221933,231633,242333,250300,250267,246565,244598,244472,249140,256140,264967,275300,281933,285100,283133,281500,279967,278300,276467,274800,279433,284567,286933,290600,296933,306233,307616,303818,297151,289833,283942,280942,280243,281967,283333,285000,285815,287105,289198,302500
395224,82,"Wichita, KS",Msa,KS,176600,182600,190933,200933,206567,208233,206233,202900,200600,197963,193663,190163,189833,194133,202267,211233,220150,225205,224238,220355,216333,215000,213300,208267,202958,201325,209525,219767,234583,248750,261350,264767,,,,228981,228130,234763,243097,247633,242030,231997,222663,214967,208333
395115,83,"Springfield, MA",Msa,MA,240885,240912,245607,254936,263957,268590,268590,264206,257707,251488,246855,241569,238460,236905,242471,251830,265512,274840,278229,277918,276084,273938,267533,262060,258951,262558,271450,283888,296605,308110,317719,323937,323284,321120,315822,308633,300333,301833,316633,339933,351567,352498,344165,337498,331267
394440,84,"Fort Myers, FL",Msa,FL,248337,248364,248364,249468,249441,249413,248282,248033,247785,247785,247785,246681,245944,245944,247048,247537,247537,247537,247261,246157,245025,245301,246654,250269,253304,258823,263487,264591,264616,265747,269887,271691,270588,270588,270855,270855,,,,,,,,,
394399,85,"Boise City, ID",Msa,ID,326300,342967,348300,354633,356819,361819,360452,354963,351626,348326,344993,341630,340963,345297,354663,368630,380963,388263,388297,384933,379967,374001,370368,368668,372627,379293,388219,393555,397189,403263,413263,421627,426627,431597,443378,453078,461411,469630,483300,505415,529081,551666,559915,556248,543660
395160,86,"Toledo, OH",Msa,OH,126933,126133,130667,137333,144800,148300,149933,147933,145767,143467,142133,140933,139900,139933,146633,158333,173333,181667,183300,179433,172767,167767,163267,161567,159900,159900,161567,166600,178639,190306,200640,208632,208665,206331,192966,185633,179267,185633,189300,189333,185500,182500,182467,176600,169600
394816,87,"Madison, WI",Msa,WI,293233,300233,309567,316233,318933,319600,319600,316567,311567,304933,301600,301600,306567,316567,328233,334900,337933,337633,336000,332967,328300,326600,324933,324900,326567,333233,341567,348233,351567,354600,354600,351300,343300,341400,341367,346667,352200,358867,363533,364933,368267,369967,371600,366967,363600
394766,88,"Lakeland, FL",Msa,FL,230100,230479,232098,235544,237266,237749,237749,237714,236302,234544,232474,232129,232129,232477,232512,233924,237008,239747,241294,240729,239913,238710,237914,237711,237711,239468,241341,242375,242238,242400,244809,247484,250620,252570,253912,255864,257855,260076,264397,274397,287157,298700,303733,307230,311395
394931,89,"Ogden, UT",Msa,UT,341744,350427,364376,377627,384566,387775,388437,385717,380731,374907,372466,374210,381463,389832,398236,405559,409046,405908,400294,395412,389135,379022,371838,371137,380378,391537,400259,401479,405873,416335,432062,439350,442802,443927,450497,458410,,,,,,,,,
394528,90,"Daytona Beach, FL",Msa,FL,273782,274523,276014,279060,283770,288745,292097,291724,288627,284903,281551,279571,278894,278927,280959,285360,290269,293312,292297,289047,285292,282482,281500,281873,282685,285394,288102,288407,286714,286003,289253,292300,294665,294953,296612,296255,296621,298789,303963,314967,324967,336330,341663,346330,347967
394531,91,"Des Moines, IA",Msa,IA,280767,284400,289733,295267,298433,299633,298989,295656,292156,289567,287933,284933,282967,283767,287067,290100,290933,290933,288018,283051,276418,268633,263600,259600,260630,263963,269597,273233,276567,279930,282743,282107,278777,274497,271800,270800,272300,275667,281400,289827,300405,310172,318378,319433,316597
395006,100,"Provo, UT",Msa,UT,388803,396542,407155,412341,408478,401483,397690,396524,394784,391618,386206,382761,382448,386589,394241,399461,401722,401031,402771,405064,406421,404299,401449,400787,402910,409453,419162,423582,428593,433813,449624,464901,477986,485243,495717,506679,518820,525284,519967,521450,528117,544783,551633,554548,552882
394549,104,"Durham, NC",Msa,NC,363222,367770,375653,383536,387342,384583,380035,371681,366860,363798,363494,363192,362919,367992,377361,386759,391085,390479,387447,381383,372924,363828,359280,359250,366072,376684,390357,395572,397664,399180,407761,417493,422950,426703,427120,426256,425309,428695,437667,461752,477385,489019,478267,473300,470000
394602,159,"Fort Collins, CO",Msa,CO,432843,435774,437813,439473,443543,447544,445916,442791,436446,433191,429306,426767,425139,426126,428804,431083,434631,436804,436120,431237,426387,424792,425475,425475,429304,435490,446232,452137,455067,458138,462634,465879,461831,456392,453458,455054,,,,,,,,,
